{"medians": [0.001462265383452177, 0.0015825546579435468, 0.001695759710855782, 0.0017588059417903423, 0.0017191015649586916, 0.0024903011508286, 0.0026785866357386112, 0.0016389895463362336], "iqrs": [0.048190551809966564, 0.055213385727256536, 0.05613925727084279, 0.05662254523485899, 0.05668086698278785, 0.07072016596794128, 0.07440391555428505, 0.050977740436792374]}