{"medians": [0.0013771426165476441, 0.0014933993807062507, 0.0015820676926523447, 0.0016379283042624593, 0.0017063729465007782, 0.0024423422291874886, 0.0025318944826722145, 0.0015469684731215239], "iqrs": [0.04762529209256172, 0.05485532060265541, 0.055098595563322306, 0.05493209511041641, 0.055962799582630396, 0.07153506390750408, 0.07263567578047514, 0.04979152698069811]}