{"medians": [0.001433708006516099, 0.0015800453256815672, 0.0016707972390577197, 0.0017052226467058063, 0.001812381437048316, 0.0026540267281234264, 0.0026333280839025974, 0.001599515089765191], "iqrs": [0.05052096443250775, 0.05810932908207178, 0.05846873903647065, 0.05872521363198757, 0.06005992740392685, 0.0778029290959239, 0.07700065709650517, 0.052477558609098196]}