{"medians": [0.0014923029812052846, 0.0016235960647463799, 0.001726928516291082, 0.001751171424984932, 0.0017732934793457389, 0.0024478507693856955, 0.0026362542994320393, 0.001644967938773334], "iqrs": [0.04925895482301712, 0.05569341080263257, 0.057044750079512596, 0.05719076469540596, 0.05810197629034519, 0.07229272741824389, 0.07577484380453825, 0.05236335098743439]}