{"medians": [0.0015230849385261536, 0.0016041981289163232, 0.0017438060604035854, 0.00180110486689955, 0.0018201107159256935, 0.0027043393347412348, 0.002741793170571327, 0.0017070580506697297], "iqrs": [0.05156610021367669, 0.0583301056176424, 0.058811227325350046, 0.059333909302949905, 0.06048395810648799, 0.07912840787321329, 0.07886629179120064, 0.05359247652813792]}